dv,n,coef_treat_xtime,se_hc1,tstat,pval_2s_norm,time_center,note
shannon_entropy_mean,18,-0.07297157025739223,0.02300071003479748,-3.172579026777629,0.001510914324382872,24294,pre months excl 2024-11
normalized_entropy_mean,18,-0.001807725466935166,0.002116270216412669,-0.8542035194349976,0.39299223349200296,24294,pre months excl 2024-11
